dataset,Alarmas,Alarmas_intervencion,Alcantarillado,Baja_presion,Capacidad_Ls,Cartera_vencida_MXN,Caudal_Ls,Caudal_recibido_Ls,Caudal_tratado_Ls,Cumplimiento_pct,Disponibilidad_pct,Energia_MWh,Estaciones_remotas,Facturacion_MXN,Falta_agua,Fuente_subterranea_pct,Fuente_superficial_pct,Fuga,Instalaciones_supervisadas,Lecturas_efectivas_pct,Micromedicion_pct,Muestras,Municipio,Otros,Pago_digital_pct,Parametros_analizados,Perdidas_comunicacion,Periodo,Planta,Produccion_m3,Quejas_calidad,Recaudacion_MXN,Reuso_pct,Seguimientos,Sensores_activos,Tiempo_primera_respuesta_h,Tiempo_solucion_h,Tomas_activas,Variables_registradas
Produccion,,,,,,,765,,,,,,,,,78,22,,,,,,Cerro de San Pablo,,,,,2026-01,,2050000,,,,,,,,,
Produccion,,,,,,,1120,,,,,,,,,69,31,,,,,,Saint Louis,,,,,2026-01,,3010000,,,,,,,,,
Produccion,,,,,,,595,,,,,,,,,74,26,,,,,,Soledade,,,,,2026-01,,1610000,,,,,,,,,
Produccion,,,,,,,735,,,,,,,,,78,22,,,,,,Cerro de San Pablo,,,,,2026-02,,1970000,,,,,,,,,
Produccion,,,,,,,1085,,,,,,,,,69,31,,,,,,Saint Louis,,,,,2026-02,,2890000,,,,,,,,,
Produccion,,,,,,,575,,,,,,,,,74,26,,,,,,Soledade,,,,,2026-02,,1540000,,,,,,,,,
Produccion,,,,,,,790,,,,,,,,,77,23,,,,,,Cerro de San Pablo,,,,,2026-03,,2120000,,,,,,,,,
Produccion,,,,,,,1170,,,,,,,,,68,32,,,,,,Saint Louis,,,,,2026-03,,3140000,,,,,,,,,
Produccion,,,,,,,625,,,,,,,,,73,27,,,,,,Soledade,,,,,2026-03,,1680000,,,,,,,,,
Produccion,,,,,,,810,,,,,,,,,77,23,,,,,,Cerro de San Pablo,,,,,2026-04,,2180000,,,,,,,,,
Produccion,,,,,,,1205,,,,,,,,,68,32,,,,,,Saint Louis,,,,,2026-04,,3230000,,,,,,,,,
Produccion,,,,,,,648,,,,,,,,,73,27,,,,,,Soledade,,,,,2026-04,,1740000,,,,,,,,,
Calidad,,,,,,,,,,98.4,,,,,,,,,,,,355,Cerro de San Pablo,,,5020,,2026-01,,,12,,,6,,,,,
Calidad,,,,,,,,,,98.9,,,,,,,,,,,,522,Saint Louis,,,7560,,2026-01,,,15,,,5,,,,,
Calidad,,,,,,,,,,98.7,,,,,,,,,,,,407,Soledade,,,5850,,2026-01,,,11,,,6,,,,,
Calidad,,,,,,,,,,98.6,,,,,,,,,,,,348,Cerro de San Pablo,,,4985,,2026-02,,,10,,,5,,,,,
Calidad,,,,,,,,,,99.0,,,,,,,,,,,,531,Saint Louis,,,7610,,2026-02,,,13,,,4,,,,,
Calidad,,,,,,,,,,98.5,,,,,,,,,,,,398,Soledade,,,5710,,2026-02,,,12,,,7,,,,,
Calidad,,,,,,,,,,98.8,,,,,,,,,,,,361,Cerro de San Pablo,,,5160,,2026-03,,,9,,,4,,,,,
Calidad,,,,,,,,,,99.1,,,,,,,,,,,,540,Saint Louis,,,7730,,2026-03,,,12,,,4,,,,,
Calidad,,,,,,,,,,98.6,,,,,,,,,,,,405,Soledade,,,5795,,2026-03,,,10,,,6,,,,,
Incidencias,,,88,64,,,,,,,,,,,41,,,126,,,,,Cerro de San Pablo,27,,,,2026-01,,,,,,,,2.9,9.4,,
Incidencias,,,124,103,,,,,,,,,,,72,,,211,,,,,Saint Louis,45,,,,2026-01,,,,,,,,2.6,8.7,,
Incidencias,,,106,78,,,,,,,,,,,56,,,149,,,,,Soledade,31,,,,2026-01,,,,,,,,3.0,9.5,,
Incidencias,,,82,59,,,,,,,,,,,37,,,118,,,,,Cerro de San Pablo,24,,,,2026-02,,,,,,,,2.7,8.9,,
Incidencias,,,117,96,,,,,,,,,,,68,,,198,,,,,Saint Louis,42,,,,2026-02,,,,,,,,2.5,8.4,,
Incidencias,,,99,73,,,,,,,,,,,51,,,141,,,,,Soledade,29,,,,2026-02,,,,,,,,2.9,9.2,,
Incidencias,,,91,67,,,,,,,,,,,44,,,132,,,,,Cerro de San Pablo,28,,,,2026-03,,,,,,,,2.8,9.0,,
Incidencias,,,129,108,,,,,,,,,,,75,,,219,,,,,Saint Louis,47,,,,2026-03,,,,,,,,2.6,8.6,,
Incidencias,,,112,81,,,,,,,,,,,58,,,156,,,,,Soledade,32,,,,2026-03,,,,,,,,3.0,9.3,,
Saneamiento,,,,,520,,,448,421,,,642,,,,,,,,,,,,,,,,2026-01,Planta Norte,,,,41,,,,,,
Saneamiento,,,,,640,,,566,535,,,811,,,,,,,,,,,,,,,,2026-01,Planta Metropolitana,,,,39,,,,,,
Saneamiento,,,,,300,,,260,242,,,361,,,,,,,,,,,,,,,,2026-01,Planta Sur,,,,32,,,,,,
Saneamiento,,,,,520,,,439,414,,,628,,,,,,,,,,,,,,,,2026-02,Planta Norte,,,,42,,,,,,
Saneamiento,,,,,640,,,554,524,,,795,,,,,,,,,,,,,,,,2026-02,Planta Metropolitana,,,,40,,,,,,
Saneamiento,,,,,300,,,256,238,,,354,,,,,,,,,,,,,,,,2026-02,Planta Sur,,,,33,,,,,,
Saneamiento,,,,,520,,,452,426,,,649,,,,,,,,,,,,,,,,2026-03,Planta Norte,,,,41,,,,,,
Saneamiento,,,,,640,,,571,539,,,818,,,,,,,,,,,,,,,,2026-03,Planta Metropolitana,,,,39,,,,,,
Saneamiento,,,,,300,,,263,245,,,366,,,,,,,,,,,,,,,,2026-03,Planta Sur,,,,34,,,,,,
Telemetria,2841,73,,,,,,,,,99.18,,27,,,,,,42,,,,,,,,21,2026-01,,,,,,,386,,,,1284
Telemetria,2674,69,,,,,,,,,99.31,,27,,,,,,42,,,,,,,,18,2026-02,,,,,,,389,,,,1296
Telemetria,2915,76,,,,,,,,,99.26,,28,,,,,,43,,,,,,,,23,2026-03,,,,,,,397,,,,1322
Telemetria,2788,71,,,,,,,,,99.34,,28,,,,,,43,,,,,,,,17,2026-04,,,,,,,401,,,,1338
Comercial,,,,,,7120000,,,,,,,,90530000,,,,,,96.1,88.6,,,,56.9,,,2026-01,,,,83410000,,,,,,214872,
Comercial,,,,,,6910000,,,,,,,,91870000,,,,,,96.3,88.9,,,,57.4,,,2026-02,,,,84960000,,,,,,215106,
Comercial,,,,,,7060000,,,,,,,,93240000,,,,,,96.4,89.2,,,,57.8,,,2026-03,,,,86180000,,,,,,215442,
Comercial,,,,,,6980000,,,,,,,,94710000,,,,,,96.6,89.5,,,,58.2,,,2026-04,,,,87730000,,,,,,215760,
